log_counter,timestamp,y_true,y_pred,accuracy,cumulative_accuracy,global_accuracy,accuracy_last_25_predictions,filename,model_version,model_tag
1,2025-03-29 12:13:04,0,1.403507667419035e-05,1,1,1,1,123.jpeg,2,finetuning
2,2025-03-29 12:13:10,1,0.9999804496765137,1,2.0,1.0,1.0,123.jpeg,2,finetuning
3,2025-03-29 12:13:45,1,1.0,1,3.0,1.0,1.0,123.jpeg,2,finetuning
4,2025-03-29 12:13:51,1,0.9996294379234314,1,4.0,1.0,1.0,123.jpeg,2,finetuning
5,2025-03-29 12:13:57,0,0.9431349039077759,0,4.0,0.8,0.8,123.jpeg,2,finetuning
6,2025-03-29 12:14:06,0,0.06388933211565018,1,5.0,0.8333333333333334,0.8333333333333334,123.jpeg,2,finetuning
7,2025-03-29 12:14:14,1,0.9999979138374329,1,6.0,0.8571428571428571,0.8571428571428571,123.jpeg,2,finetuning
8,2025-03-29 12:14:27,1,1.0,1,7.0,0.875,0.875,123.jpeg,2,finetuning
9,2025-03-29 12:14:36,1,0.9997560381889343,1,8.0,0.8888888888888888,0.8888888888888888,123.jpeg,2,finetuning
10,2025-03-29 12:14:44,0,0.9590551257133484,0,8.0,0.8,0.8,123.jpeg,2,finetuning
11,2025-03-29 12:14:50,1,0.9975323677062988,1,9.0,0.8181818181818182,0.8181818181818182,123.jpeg,2,finetuning
12,2025-03-29 12:14:56,1,0.99948650598526,1,10.0,0.8333333333333334,0.8333333333333334,123.jpeg,2,finetuning
13,2025-03-29 12:15:05,0,0.02398173324763775,1,11.0,0.8461538461538461,0.8461538461538461,123.jpeg,2,finetuning
14,2025-03-29 12:15:10,1,1.0,1,12.0,0.8571428571428571,0.8571428571428571,123.jpeg,2,finetuning
15,2025-03-29 12:15:16,0,0.996702253818512,0,12.0,0.8,0.8,123.jpeg,2,finetuning
16,2025-03-29 12:15:22,1,0.9949477314949036,1,13.0,0.8125,0.8125,123.jpeg,2,finetuning
17,2025-03-29 12:15:29,0,0.395547479391098,1,14.0,0.8235294117647058,0.8235294117647058,123.jpeg,2,finetuning
18,2025-03-29 12:15:35,0,0.0468488447368145,1,15.0,0.8333333333333334,0.8333333333333334,123.jpeg,2,finetuning
19,2025-03-29 12:15:41,1,1.0,1,16.0,0.8421052631578947,0.8421052631578947,123.jpeg,2,finetuning
20,2025-03-29 12:15:47,1,0.9999949932098389,1,17.0,0.85,0.85,123.jpeg,2,finetuning
21,2025-03-29 12:15:53,0,0.0006755434442311525,1,18.0,0.8571428571428571,0.8571428571428571,123.jpeg,2,finetuning
22,2025-03-29 12:15:59,1,0.9999977946281433,1,19.0,0.8636363636363636,0.8636363636363636,123.jpeg,2,finetuning
23,2025-03-29 12:16:04,0,0.9874747395515442,0,19.0,0.8260869565217391,0.8260869565217391,123.jpeg,2,finetuning
24,2025-03-29 12:16:10,0,0.5799003839492798,0,19.0,0.7916666666666666,0.7916666666666666,123.jpeg,2,finetuning
25,2025-03-29 12:16:16,1,0.9999915957450867,1,20.0,0.8,0.8,123.jpeg,2,finetuning
26,2025-03-29 12:16:23,1,0.999999463558197,1,21.0,0.8076923076923077,0.8,123.jpeg,2,finetuning
27,2025-03-29 12:16:28,0,0.0007444516522809863,1,22.0,0.8148148148148148,0.8,123.jpeg,2,finetuning
28,2025-03-29 12:16:35,1,0.9998918175697327,1,23.0,0.8214285714285714,0.8,123.jpeg,2,finetuning
29,2025-03-29 12:16:41,1,0.999970018863678,1,24.0,0.8275862068965517,0.8,123.jpeg,2,finetuning
30,2025-03-29 12:16:47,0,0.16991588473320007,1,25.0,0.8333333333333334,0.84,123.jpeg,2,finetuning
31,2025-03-29 12:16:53,1,0.9999998211860657,1,26.0,0.8387096774193549,0.84,123.jpeg,2,finetuning
32,2025-03-29 12:16:59,0,0.0098654106259346,1,27.0,0.84375,0.84,123.jpeg,2,finetuning
33,2025-03-29 12:17:05,0,0.9997977018356323,0,27.0,0.8181818181818182,0.8,123.jpeg,2,finetuning
34,2025-03-29 12:17:11,1,0.9999998807907104,1,28.0,0.8235294117647058,0.8,123.jpeg,2,finetuning
35,2025-03-29 12:17:17,1,0.9999991059303284,1,29.0,0.8285714285714286,0.84,123.jpeg,2,finetuning
36,2025-03-29 12:17:23,0,0.7938134670257568,0,29.0,0.8055555555555556,0.8,123.jpeg,2,finetuning
37,2025-03-29 12:17:29,0,0.975272536277771,0,29.0,0.7837837837837838,0.76,123.jpeg,2,finetuning
38,2025-03-29 12:17:35,0,0.996505081653595,0,29.0,0.7631578947368421,0.72,123.jpeg,2,finetuning
39,2025-03-29 12:17:41,0,0.9998416900634766,0,29.0,0.7435897435897436,0.68,123.jpeg,2,finetuning
40,2025-03-29 12:17:47,0,0.004151816945523024,1,30.0,0.75,0.72,123.jpeg,2,finetuning
41,2025-03-29 12:17:54,0,0.987509548664093,0,30.0,0.7317073170731707,0.68,123.jpeg,2,finetuning
42,2025-03-29 12:17:59,1,0.9116106629371643,1,31.0,0.7380952380952381,0.68,123.jpeg,2,finetuning
43,2025-03-29 12:18:06,0,0.9991378784179688,0,31.0,0.7209302325581395,0.64,123.jpeg,2,finetuning
44,2025-03-29 12:18:13,1,0.9999997615814209,1,32.0,0.7272727272727273,0.64,123.jpeg,2,finetuning
45,2025-03-29 12:18:19,0,0.13253144919872284,1,33.0,0.7333333333333333,0.64,123.jpeg,2,finetuning
46,2025-03-29 12:18:26,0,0.9953244924545288,0,33.0,0.717391304347826,0.6,123.jpeg,2,finetuning
47,2025-03-29 12:18:34,1,1.0,1,34.0,0.723404255319149,0.6,123.jpeg,2,finetuning
48,2025-03-29 12:18:42,0,0.7996971607208252,0,34.0,0.7083333333333334,0.6,123.jpeg,2,finetuning
49,2025-03-29 12:18:49,0,0.9091586470603943,0,34.0,0.6938775510204082,0.6,123.jpeg,2,finetuning
50,2025-03-29 12:18:55,1,0.9681046605110168,1,35.0,0.7,0.6,123.jpeg,2,finetuning
51,2025-03-29 12:19:02,1,1.0,1,36.0,0.7058823529411765,0.6,123.jpeg,2,finetuning
52,2025-03-29 12:19:10,1,1.0,1,37.0,0.7115384615384616,0.6,123.jpeg,2,finetuning
53,2025-03-29 12:19:18,1,1.0,1,38.0,0.7169811320754716,0.6,123.jpeg,2,finetuning
54,2025-03-29 12:19:26,1,1.0,1,39.0,0.7222222222222222,0.6,123.jpeg,2,finetuning
55,2025-03-29 12:19:33,1,1.0,1,40.0,0.7272727272727273,0.6,123.jpeg,2,finetuning
56,2025-03-29 12:19:41,0,0.6786368489265442,0,40.0,0.7142857142857143,0.56,123.jpeg,2,finetuning
57,2025-03-29 12:19:49,0,0.9765346050262451,0,40.0,0.7017543859649122,0.52,123.jpeg,2,finetuning
58,2025-03-29 12:19:57,1,0.9999688863754272,1,41.0,0.7068965517241379,0.56,123.jpeg,2,finetuning
59,2025-03-29 12:20:06,1,0.9972330927848816,1,42.0,0.711864406779661,0.56,123.jpeg,2,finetuning
60,2025-03-29 12:20:14,0,0.6658987998962402,0,42.0,0.7,0.52,123.jpeg,2,finetuning
61,2025-03-29 12:20:22,0,0.39350032806396484,1,43.0,0.7049180327868853,0.56,123.jpeg,2,finetuning
62,2025-03-29 12:20:30,0,0.9879837036132812,0,43.0,0.6935483870967742,0.56,123.jpeg,2,finetuning
63,2025-03-29 12:20:43,0,0.9431349039077759,0,43.0,0.6825396825396826,0.56,123.jpeg,2,finetuning
64,2025-03-29 12:20:51,0,0.8038537502288818,0,43.0,0.671875,0.56,123.jpeg,2,finetuning
65,2025-03-29 12:21:00,1,0.999512255191803,1,44.0,0.676923076923077,0.56,123.jpeg,2,finetuning
66,2025-03-29 12:21:08,0,0.8398649096488953,0,44.0,0.6666666666666666,0.56,123.jpeg,2,finetuning
67,2025-03-29 12:21:16,1,0.9999999403953552,1,45.0,0.6716417910447762,0.56,123.jpeg,2,finetuning
68,2025-03-29 12:21:24,0,0.7773532271385193,0,45.0,0.6617647058823529,0.56,123.jpeg,2,finetuning
69,2025-03-29 12:21:32,1,1.0,1,46.0,0.6666666666666666,0.56,123.jpeg,2,finetuning
70,2025-03-29 12:21:40,0,0.9602529406547546,0,46.0,0.6571428571428571,0.52,123.jpeg,2,finetuning
71,2025-03-29 12:21:48,1,0.9999603033065796,1,47.0,0.6619718309859155,0.56,123.jpeg,2,finetuning
72,2025-03-29 12:21:56,0,0.4277708828449249,1,48.0,0.6666666666666666,0.56,123.jpeg,2,finetuning
73,2025-03-29 12:22:04,0,0.2229558527469635,1,49.0,0.6712328767123288,0.6,123.jpeg,2,finetuning
74,2025-03-29 12:22:13,1,0.9999799728393555,1,50.0,0.6756756756756757,0.64,123.jpeg,2,finetuning
75,2025-03-29 12:22:22,1,0.9999991059303284,1,51.0,0.68,0.64,123.jpeg,2,finetuning
76,2025-03-29 12:22:31,1,0.9999985694885254,1,52.0,0.6842105263157895,0.64,123.jpeg,2,finetuning
77,2025-03-29 12:22:39,0,0.6652982234954834,0,52.0,0.6753246753246753,0.6,123.jpeg,2,finetuning
78,2025-03-29 12:22:46,1,0.9999988079071045,1,53.0,0.6794871794871795,0.6,123.jpeg,2,finetuning
79,2025-03-29 12:34:40,0,0.0006439071730710566,1,54.0,0.6835443037974683,0.6,123.jpeg,2,finetuning
80,2025-03-29 12:34:46,1,0.9999714493751526,1,55.0,0.6875,0.6,123.jpeg,2,finetuning
81,2025-03-29 12:34:52,1,0.9999994039535522,1,56.0,0.691358024691358,0.64,123.jpeg,2,finetuning
82,2025-03-29 12:34:58,1,0.9999976754188538,1,57.0,0.6951219512195121,0.68,123.jpeg,2,finetuning
83,2025-03-29 12:35:04,1,0.9999998211860657,1,58.0,0.6987951807228916,0.68,123.jpeg,2,finetuning
84,2025-03-29 12:35:10,0,0.8498125076293945,0,58.0,0.6904761904761905,0.64,123.jpeg,2,finetuning
85,2025-03-29 12:35:16,0,0.9995584487915039,0,58.0,0.6823529411764706,0.64,123.jpeg,2,finetuning
86,2025-03-29 12:35:23,1,0.9999250769615173,1,59.0,0.686046511627907,0.64,123.jpeg,2,finetuning
87,2025-03-29 12:35:29,0,0.010432063601911068,1,60.0,0.6896551724137931,0.68,123.jpeg,2,finetuning
88,2025-03-29 12:35:35,1,0.9999987483024597,1,61.0,0.6931818181818182,0.72,123.jpeg,2,finetuning
89,2025-03-29 12:35:41,0,0.00449482724070549,1,62.0,0.6966292134831461,0.76,123.jpeg,2,finetuning
90,2025-03-29 12:35:47,1,0.9999998211860657,1,63.0,0.7,0.76,123.jpeg,2,finetuning
91,2025-03-29 12:35:53,1,0.9998592138290405,1,64.0,0.7032967032967034,0.8,123.jpeg,2,finetuning
92,2025-03-29 12:35:59,1,0.9999985694885254,1,65.0,0.7065217391304348,0.8,123.jpeg,2,finetuning
93,2025-03-29 12:36:05,1,0.9999999403953552,1,66.0,0.7096774193548387,0.84,123.jpeg,2,finetuning
94,2025-03-29 12:36:12,1,0.9999790787696838,1,67.0,0.7127659574468085,0.84,123.jpeg,2,finetuning
95,2025-03-29 12:36:18,0,0.0018663568189367652,1,68.0,0.7157894736842105,0.88,123.jpeg,2,finetuning
96,2025-03-29 12:36:24,0,0.008719772100448608,1,69.0,0.71875,0.88,123.jpeg,2,finetuning
97,2025-03-29 12:36:30,1,0.9999982714653015,1,70.0,0.7216494845360825,0.88,123.jpeg,2,finetuning
98,2025-03-29 12:36:37,1,0.9999906420707703,1,71.0,0.7244897959183674,0.88,123.jpeg,2,finetuning
99,2025-03-29 12:36:43,1,0.9991397857666016,1,72.0,0.7272727272727273,0.88,123.jpeg,2,finetuning
100,2025-03-29 12:36:49,1,0.9999799728393555,1,73.0,0.73,0.88,123.jpeg,2,finetuning
101,2025-03-29 12:36:55,1,0.996329128742218,1,74.0,0.7326732673267327,0.88,123.jpeg,2,finetuning
102,2025-03-29 12:37:01,0,0.7942553758621216,0,74.0,0.7254901960784313,0.88,123.jpeg,2,finetuning
103,2025-03-29 12:37:07,1,0.9998070597648621,1,75.0,0.7281553398058253,0.88,123.jpeg,2,finetuning
104,2025-03-29 12:37:13,1,0.999992847442627,1,76.0,0.7307692307692307,0.88,123.jpeg,2,finetuning
105,2025-03-29 12:37:19,1,0.9998998045921326,1,77.0,0.7333333333333333,0.88,123.jpeg,2,finetuning
106,2025-03-29 12:37:26,0,0.9765346050262451,0,77.0,0.7264150943396226,0.84,123.jpeg,2,finetuning
107,2025-03-29 12:37:32,0,0.0003793930809479207,1,78.0,0.7289719626168224,0.84,123.jpeg,2,finetuning
108,2025-03-29 12:37:38,0,0.004387367982417345,1,79.0,0.7314814814814815,0.84,123.jpeg,2,finetuning
109,2025-03-29 12:37:44,1,0.9999439120292664,1,80.0,0.7339449541284404,0.88,123.jpeg,2,finetuning
110,2025-03-29 12:37:51,1,0.9997267127037048,1,81.0,0.7363636363636363,0.92,123.jpeg,2,finetuning
111,2025-03-29 12:37:57,1,0.9844388365745544,1,82.0,0.7387387387387387,0.92,123.jpeg,2,finetuning
112,2025-03-29 12:38:03,0,0.9008920788764954,0,82.0,0.7321428571428571,0.88,123.jpeg,2,finetuning
113,2025-03-29 12:38:09,0,0.5035594701766968,0,82.0,0.7256637168141593,0.84,123.jpeg,2,finetuning
114,2025-03-29 12:38:15,1,0.9999997019767761,1,83.0,0.7280701754385965,0.84,123.jpeg,2,finetuning
115,2025-03-29 12:38:21,0,0.0008315768209286034,1,84.0,0.7304347826086957,0.84,123.jpeg,2,finetuning
116,2025-03-29 12:38:27,1,0.9999996423721313,1,85.0,0.7327586206896551,0.84,123.jpeg,2,finetuning
117,2025-03-29 12:38:33,0,0.9957280158996582,0,85.0,0.7264957264957265,0.8,123.jpeg,2,finetuning
118,2025-03-29 12:38:40,1,1.0,1,86.0,0.7288135593220338,0.8,123.jpeg,2,finetuning
119,2025-03-29 12:38:47,1,0.9999296069145203,1,87.0,0.7310924369747899,0.8,123.jpeg,2,finetuning
120,2025-03-29 12:38:53,1,0.9998481869697571,1,88.0,0.7333333333333333,0.8,123.jpeg,2,finetuning
121,2025-03-29 12:38:59,0,0.9994601011276245,0,88.0,0.7272727272727273,0.76,123.jpeg,2,finetuning
122,2025-03-29 12:39:05,0,0.0021918327547609806,1,89.0,0.7295081967213115,0.76,123.jpeg,2,finetuning
123,2025-03-29 12:39:11,1,1.0,1,90.0,0.7317073170731707,0.76,123.jpeg,2,finetuning
124,2025-03-29 12:39:17,0,0.9275974035263062,0,90.0,0.7258064516129032,0.72,123.jpeg,2,finetuning
125,2025-03-29 12:39:24,1,0.999999463558197,1,91.0,0.728,0.72,123.jpeg,2,finetuning
126,2025-03-29 12:39:30,1,0.9999999403953552,1,92.0,0.7301587301587301,0.72,123.jpeg,2,finetuning
127,2025-03-29 12:39:36,0,0.9114618301391602,0,92.0,0.7244094488188977,0.72,123.jpeg,2,finetuning
128,2025-03-29 12:39:42,1,1.0,1,93.0,0.7265625,0.72,123.jpeg,2,finetuning
129,2025-03-29 12:39:49,0,0.11196841299533844,1,94.0,0.7286821705426356,0.72,123.jpeg,2,finetuning
130,2025-03-29 12:39:55,0,0.9999688267707825,0,94.0,0.7230769230769231,0.68,123.jpeg,2,finetuning
131,2025-03-29 12:40:01,1,0.9999999403953552,1,95.0,0.7251908396946565,0.72,123.jpeg,2,finetuning
132,2025-03-29 12:40:08,1,1.0,1,96.0,0.7272727272727273,0.72,123.jpeg,2,finetuning
133,2025-03-29 12:40:14,0,0.9993599653244019,0,96.0,0.7218045112781954,0.68,123.jpeg,2,finetuning
134,2025-03-29 12:40:20,0,0.9999673962593079,0,96.0,0.7164179104477612,0.64,123.jpeg,2,finetuning
135,2025-03-29 12:40:26,0,0.12192482501268387,1,97.0,0.7185185185185186,0.64,123.jpeg,2,finetuning
136,2025-03-29 12:40:32,1,1.0,1,98.0,0.7205882352941176,0.64,123.jpeg,2,finetuning
137,2025-03-29 12:40:38,0,0.9998762011528015,0,98.0,0.7153284671532847,0.64,123.jpeg,2,finetuning
138,2025-03-29 12:40:45,0,0.5430349111557007,0,98.0,0.7101449275362319,0.64,123.jpeg,2,finetuning
139,2025-03-29 12:40:51,1,0.9999999403953552,1,99.0,0.7122302158273381,0.64,123.jpeg,2,finetuning
140,2025-03-29 12:40:58,1,0.9999991059303284,1,100.0,0.7142857142857143,0.64,123.jpeg,2,finetuning
141,2025-03-29 12:41:04,0,1.403507667419035e-05,1,101.0,0.7163120567375887,0.64,123.jpeg,2,finetuning
142,2025-03-29 12:41:10,0,0.9530375003814697,0,101.0,0.7112676056338029,0.64,123.jpeg,2,finetuning
143,2025-03-29 12:41:16,1,0.9999971985816956,1,102.0,0.7132867132867133,0.64,123.jpeg,2,finetuning
144,2025-03-29 12:41:22,1,0.9116106629371643,1,103.0,0.7152777777777778,0.64,123.jpeg,2,finetuning
145,2025-03-29 12:41:28,0,0.9997590184211731,0,103.0,0.7103448275862069,0.6,123.jpeg,2,finetuning
146,2025-03-29 12:41:34,1,0.999995768070221,1,104.0,0.7123287671232876,0.64,123.jpeg,2,finetuning
147,2025-03-29 12:41:40,0,0.9991378784179688,0,104.0,0.7074829931972789,0.6,123.jpeg,2,finetuning
148,2025-03-29 12:41:46,0,0.9984999299049377,0,104.0,0.7027027027027027,0.56,123.jpeg,2,finetuning
149,2025-03-29 12:41:53,1,0.9999781847000122,1,105.0,0.7046979865771812,0.6,123.jpeg,2,finetuning
150,2025-03-29 12:41:59,0,0.15455466508865356,1,106.0,0.7066666666666667,0.6,123.jpeg,2,finetuning
151,2025-03-29 12:42:06,1,0.9999997019767761,1,107.0,0.7086092715231788,0.6,123.jpeg,2,finetuning
152,2025-03-29 12:42:12,1,0.9999997615814209,1,108.0,0.7105263157894737,0.64,123.jpeg,2,finetuning
153,2025-03-29 12:42:18,0,0.0006755434442311525,1,109.0,0.7124183006535948,0.64,123.jpeg,2,finetuning
154,2025-03-29 12:42:25,1,0.9999998211860657,1,110.0,0.7142857142857143,0.64,123.jpeg,2,finetuning
155,2025-03-29 12:42:31,0,0.024510253220796585,1,111.0,0.7161290322580646,0.68,123.jpeg,2,finetuning
156,2025-03-29 12:42:37,0,0.9999978542327881,0,111.0,0.7115384615384616,0.64,123.jpeg,2,finetuning
157,2025-03-29 12:42:43,0,0.028567146509885788,1,112.0,0.7133757961783439,0.64,123.jpeg,2,finetuning
158,2025-03-29 12:42:49,1,1.0,1,113.0,0.7151898734177216,0.68,123.jpeg,2,finetuning
159,2025-03-29 12:42:55,1,1.0,1,114.0,0.7169811320754716,0.72,123.jpeg,2,finetuning
160,2025-03-29 12:43:01,0,0.9966610074043274,0,114.0,0.7125,0.68,123.jpeg,2,finetuning
161,2025-03-29 12:43:08,1,0.8937438726425171,1,115.0,0.7142857142857143,0.68,123.jpeg,2,finetuning
162,2025-03-29 12:43:14,1,0.9999985694885254,1,116.0,0.7160493827160493,0.72,123.jpeg,2,finetuning
163,2025-03-29 12:43:20,0,0.395547479391098,1,117.0,0.7177914110429447,0.76,123.jpeg,2,finetuning
164,2025-03-29 12:43:26,1,0.9999999403953552,1,118.0,0.7195121951219512,0.76,123.jpeg,2,finetuning
165,2025-03-29 12:43:33,1,1.0,1,119.0,0.7212121212121212,0.76,123.jpeg,2,finetuning
166,2025-03-29 12:43:39,1,0.999999463558197,1,120.0,0.7228915662650602,0.76,123.jpeg,2,finetuning
167,2025-03-29 12:43:45,0,0.06401486694812775,1,121.0,0.7245508982035929,0.8,123.jpeg,2,finetuning
168,2025-03-29 12:43:51,0,0.9999702572822571,0,121.0,0.7202380952380952,0.76,123.jpeg,2,finetuning
169,2025-03-29 12:43:57,0,0.9998120665550232,0,121.0,0.7159763313609467,0.72,123.jpeg,2,finetuning
170,2025-03-29 12:44:03,1,0.9999999403953552,1,122.0,0.7176470588235294,0.76,123.jpeg,2,finetuning
171,2025-03-29 12:44:09,0,0.04100527614355087,1,123.0,0.7192982456140351,0.76,123.jpeg,2,finetuning
172,2025-03-29 12:44:16,0,0.9737310409545898,0,123.0,0.7151162790697675,0.76,123.jpeg,2,finetuning
173,2025-03-29 12:44:22,0,0.18398918211460114,1,124.0,0.7167630057803468,0.8,123.jpeg,2,finetuning
174,2025-03-29 12:44:28,0,0.6142303943634033,0,124.0,0.7126436781609196,0.76,123.jpeg,2,finetuning
175,2025-03-29 12:44:34,1,0.9999957084655762,1,125.0,0.7142857142857143,0.76,123.jpeg,2,finetuning
176,2025-03-29 12:44:40,0,0.9602529406547546,0,125.0,0.7102272727272727,0.72,123.jpeg,2,finetuning
177,2025-03-29 12:44:46,1,0.9998651742935181,1,126.0,0.711864406779661,0.72,123.jpeg,2,finetuning
178,2025-03-29 12:44:53,1,1.0,1,127.0,0.7134831460674157,0.72,123.jpeg,2,finetuning
179,2025-03-29 12:44:59,1,0.999983549118042,1,128.0,0.7150837988826816,0.72,123.jpeg,2,finetuning
180,2025-03-29 12:45:05,1,0.486971914768219,0,128.0,0.7111111111111111,0.68,123.jpeg,2,finetuning
181,2025-03-29 12:45:11,0,0.23654471337795258,1,129.0,0.712707182320442,0.72,123.jpeg,2,finetuning
182,2025-03-29 12:45:18,1,0.9999521374702454,1,130.0,0.7142857142857143,0.72,123.jpeg,2,finetuning
183,2025-03-29 12:45:25,1,0.9901964664459229,1,131.0,0.7158469945355191,0.72,123.jpeg,2,finetuning
184,2025-03-29 12:45:31,1,0.9999995231628418,1,132.0,0.717391304347826,0.72,123.jpeg,2,finetuning
185,2025-03-29 12:45:37,1,1.0,1,133.0,0.7189189189189189,0.76,123.jpeg,2,finetuning
186,2025-03-29 12:45:43,1,0.9999990463256836,1,134.0,0.7204301075268817,0.76,123.jpeg,2,finetuning
187,2025-03-29 12:45:49,0,0.8164751529693604,0,134.0,0.7165775401069518,0.72,123.jpeg,2,finetuning
188,2025-03-29 12:45:55,0,0.9996818900108337,0,134.0,0.7127659574468085,0.68,123.jpeg,2,finetuning
189,2025-03-29 12:46:01,0,0.0005904207937419415,1,135.0,0.7142857142857143,0.68,123.jpeg,2,finetuning
190,2025-03-29 12:46:07,1,0.999997615814209,1,136.0,0.7157894736842105,0.68,123.jpeg,2,finetuning
191,2025-03-29 12:46:13,0,0.9494580030441284,0,136.0,0.7120418848167539,0.64,123.jpeg,2,finetuning
192,2025-03-29 12:46:20,1,0.9999967217445374,1,137.0,0.7135416666666666,0.64,123.jpeg,2,finetuning
193,2025-03-29 12:46:26,1,1.0,1,138.0,0.7150259067357513,0.68,123.jpeg,2,finetuning
194,2025-03-29 12:46:33,1,0.9999982118606567,1,139.0,0.7164948453608248,0.72,123.jpeg,2,finetuning
195,2025-03-29 12:46:39,0,0.6652982234954834,0,139.0,0.7128205128205128,0.68,123.jpeg,2,finetuning
196,2025-03-29 12:46:45,0,0.9992823004722595,0,139.0,0.7091836734693877,0.64,123.jpeg,2,finetuning
197,2025-03-29 12:46:51,0,0.002568204188719392,1,140.0,0.7106598984771574,0.68,123.jpeg,2,finetuning
198,2025-03-29 12:46:57,0,0.9736510515213013,0,140.0,0.7070707070707071,0.64,123.jpeg,2,finetuning
199,2025-03-29 12:47:03,1,0.9999993443489075,1,141.0,0.7085427135678392,0.68,123.jpeg,2,finetuning
200,2025-03-29 12:47:09,0,0.018185889348387718,1,142.0,0.71,0.68,123.jpeg,2,finetuning
201,2025-03-29 12:47:15,0,0.4277708828449249,1,143.0,0.7114427860696517,0.72,123.jpeg,2,finetuning
202,2025-03-29 12:47:22,0,0.0009919500444084406,1,144.0,0.7128712871287128,0.72,123.jpeg,2,finetuning
203,2025-03-29 12:47:28,0,0.9691925644874573,0,144.0,0.7093596059113301,0.68,123.jpeg,2,finetuning
204,2025-03-29 12:47:35,0,0.35342249274253845,1,145.0,0.7107843137254902,0.68,123.jpeg,2,finetuning
205,2025-03-29 12:47:41,1,0.08894476294517517,0,145.0,0.7073170731707317,0.68,123.jpeg,2,finetuning
206,2025-03-29 12:47:47,1,0.8588345646858215,1,146.0,0.7087378640776699,0.68,123.jpeg,2,finetuning
207,2025-03-29 12:47:53,1,0.9975323677062988,1,147.0,0.7101449275362319,0.68,123.jpeg,2,finetuning
208,2025-03-29 12:47:59,1,1.0,1,148.0,0.7115384615384616,0.68,123.jpeg,2,finetuning
209,2025-03-29 12:48:06,1,0.9999998807907104,1,149.0,0.7129186602870813,0.68,123.jpeg,2,finetuning
210,2025-03-29 12:48:12,0,0.0034912554547190666,1,150.0,0.7142857142857143,0.68,123.jpeg,2,finetuning
211,2025-03-29 12:48:18,1,0.9998301267623901,1,151.0,0.7156398104265402,0.68,123.jpeg,2,finetuning
212,2025-03-29 12:48:24,0,0.34431177377700806,1,152.0,0.7169811320754716,0.72,123.jpeg,2,finetuning
213,2025-03-29 12:48:30,1,0.9845007061958313,1,153.0,0.7183098591549296,0.76,123.jpeg,2,finetuning
214,2025-03-29 12:48:37,1,0.9927368760108948,1,154.0,0.719626168224299,0.76,123.jpeg,2,finetuning
215,2025-03-29 12:48:43,1,0.9999998211860657,1,155.0,0.7209302325581395,0.76,123.jpeg,2,finetuning
216,2025-03-29 12:48:49,1,0.9999917149543762,1,156.0,0.7222222222222222,0.8,123.jpeg,2,finetuning
217,2025-03-29 12:48:55,0,0.987509548664093,0,156.0,0.7188940092165899,0.76,123.jpeg,2,finetuning
218,2025-03-29 12:49:03,0,0.9990257024765015,0,156.0,0.7155963302752294,0.72,123.jpeg,2,finetuning
219,2025-03-29 12:49:11,0,0.9733530282974243,0,156.0,0.7123287671232876,0.68,123.jpeg,2,finetuning
220,2025-03-29 12:52:48,1,0.9997049570083618,1,157.0,0.7136363636363636,0.72,123.jpeg,2,finetuning
221,2025-03-29 12:52:54,0,0.999893307685852,0,157.0,0.7104072398190046,0.72,123.jpeg,2,finetuning
222,2025-03-29 12:53:01,0,0.7524228096008301,0,157.0,0.7072072072072072,0.68,123.jpeg,2,finetuning
223,2025-03-29 12:53:08,1,0.9999999403953552,1,158.0,0.7085201793721974,0.72,123.jpeg,2,finetuning
224,2025-03-29 12:53:15,0,0.9590551257133484,0,158.0,0.7053571428571429,0.68,123.jpeg,2,finetuning
225,2025-03-29 12:53:21,1,0.9972330927848816,1,159.0,0.7066666666666667,0.68,123.jpeg,2,finetuning
226,2025-03-29 12:53:27,0,0.975272536277771,0,159.0,0.7035398230088495,0.64,123.jpeg,2,finetuning
227,2025-03-29 12:53:34,0,0.996505081653595,0,159.0,0.7004405286343612,0.6,123.jpeg,2,finetuning
228,2025-03-29 12:53:40,0,0.014311090111732483,1,160.0,0.7017543859649122,0.64,123.jpeg,2,finetuning
229,2025-03-29 12:53:46,0,0.9999991059303284,0,160.0,0.6986899563318777,0.6,123.jpeg,2,finetuning
230,2025-03-29 12:53:53,1,0.9999988079071045,1,161.0,0.7,0.64,123.jpeg,2,finetuning
231,2025-03-29 12:54:00,1,0.9999957084655762,1,162.0,0.7012987012987013,0.64,123.jpeg,2,finetuning
232,2025-03-29 12:54:07,0,0.004387367982417345,1,163.0,0.7025862068965517,0.64,123.jpeg,2,finetuning
233,2025-03-29 12:54:14,0,0.0013897244352847338,1,164.0,0.703862660944206,0.64,123.jpeg,2,finetuning
234,2025-03-29 12:54:21,1,1.0,1,165.0,0.7051282051282052,0.64,123.jpeg,2,finetuning
235,2025-03-29 12:54:27,1,0.9998310208320618,1,166.0,0.7063829787234043,0.64,123.jpeg,2,finetuning
236,2025-03-29 12:54:34,0,0.12192482501268387,1,167.0,0.7076271186440678,0.64,123.jpeg,2,finetuning
237,2025-03-29 12:54:40,0,0.9994540214538574,0,167.0,0.7046413502109705,0.6,123.jpeg,2,finetuning
238,2025-03-29 12:54:47,0,0.8398649096488953,0,167.0,0.7016806722689075,0.56,123.jpeg,2,finetuning
239,2025-03-29 12:54:53,0,0.9736510515213013,0,167.0,0.698744769874477,0.52,123.jpeg,2,finetuning
240,2025-03-29 12:55:00,1,0.9971781969070435,1,168.0,0.7,0.52,123.jpeg,2,finetuning
241,2025-03-29 12:55:07,1,0.9999997019767761,1,169.0,0.7012448132780082,0.52,123.jpeg,2,finetuning
242,2025-03-29 12:55:15,0,0.04100527614355087,1,170.0,0.7024793388429752,0.56,123.jpeg,2,finetuning
243,2025-03-29 12:55:22,1,0.9116106629371643,1,171.0,0.7037037037037037,0.6,123.jpeg,2,finetuning
244,2025-03-29 12:55:28,0,0.6786368489265442,0,171.0,0.7008196721311475,0.6,123.jpeg,2,finetuning
245,2025-03-29 12:55:35,1,0.9999994039535522,1,172.0,0.7020408163265306,0.6,123.jpeg,2,finetuning
246,2025-03-29 12:55:41,1,0.9997013807296753,1,173.0,0.7032520325203252,0.64,123.jpeg,2,finetuning
247,2025-03-29 12:55:48,1,1.0,1,174.0,0.7044534412955465,0.68,123.jpeg,2,finetuning
248,2025-03-29 12:55:54,1,0.5997034311294556,1,175.0,0.7056451612903226,0.68,123.jpeg,2,finetuning
249,2025-03-29 12:56:01,0,0.9999572038650513,0,175.0,0.7028112449799196,0.68,123.jpeg,2,finetuning
250,2025-03-29 12:56:08,1,0.9999958872795105,1,176.0,0.704,0.68,123.jpeg,2,finetuning
251,2025-03-29 12:56:14,0,0.9691925644874573,0,176.0,0.701195219123506,0.68,123.jpeg,2,finetuning
252,2025-03-29 12:56:21,0,0.27674782276153564,1,177.0,0.7023809523809523,0.72,123.jpeg,2,finetuning
253,2025-03-29 12:56:28,1,0.9999998211860657,1,178.0,0.7035573122529645,0.72,123.jpeg,2,finetuning
254,2025-03-29 12:56:35,0,0.43670564889907837,1,179.0,0.7047244094488189,0.76,123.jpeg,2,finetuning
255,2025-03-29 12:56:41,1,0.9999998211860657,1,180.0,0.7058823529411765,0.76,123.jpeg,2,finetuning
256,2025-03-29 12:56:48,0,0.002568204188719392,1,181.0,0.70703125,0.76,123.jpeg,2,finetuning
257,2025-03-29 12:56:54,1,0.999999463558197,1,182.0,0.708171206225681,0.76,123.jpeg,2,finetuning
258,2025-03-29 12:57:01,1,0.9999818801879883,1,183.0,0.7093023255813954,0.76,123.jpeg,2,finetuning
259,2025-03-29 12:57:08,0,0.03268232196569443,1,184.0,0.7104247104247104,0.76,123.jpeg,2,finetuning
260,2025-03-29 12:57:14,1,1.0,1,185.0,0.7115384615384616,0.76,123.jpeg,2,finetuning
261,2025-03-29 12:57:21,0,0.46117672324180603,1,186.0,0.7126436781609196,0.76,123.jpeg,2,finetuning
262,2025-03-29 12:57:28,1,0.9999935626983643,1,187.0,0.7137404580152672,0.8,123.jpeg,2,finetuning
263,2025-03-29 12:57:35,0,0.9984334111213684,0,187.0,0.7110266159695817,0.8,123.jpeg,2,finetuning
264,2025-03-29 12:57:41,1,0.9999740123748779,1,188.0,0.7121212121212122,0.84,123.jpeg,2,finetuning
265,2025-03-29 12:57:47,0,0.4394523799419403,1,189.0,0.7132075471698113,0.84,123.jpeg,2,finetuning
266,2025-03-29 12:57:54,1,0.9999997019767761,1,190.0,0.7142857142857143,0.84,123.jpeg,2,finetuning
267,2025-03-29 12:58:01,1,0.999997079372406,1,191.0,0.7153558052434457,0.84,123.jpeg,2,finetuning
268,2025-03-29 12:58:08,1,0.9949477314949036,1,192.0,0.7164179104477612,0.84,123.jpeg,2,finetuning
269,2025-03-29 12:58:14,0,0.9992823004722595,0,192.0,0.7137546468401487,0.84,123.jpeg,2,finetuning
270,2025-03-29 12:58:21,1,0.9999774098396301,1,193.0,0.7148148148148148,0.84,123.jpeg,2,finetuning
271,2025-03-29 12:58:27,0,0.9999978542327881,0,193.0,0.7121771217712177,0.8,123.jpeg,2,finetuning
272,2025-03-29 12:58:34,1,1.0,1,194.0,0.7132352941176471,0.8,123.jpeg,2,finetuning
273,2025-03-29 12:58:42,1,0.999306321144104,1,195.0,0.7142857142857143,0.8,123.jpeg,2,finetuning
274,2025-03-29 12:58:50,1,0.999994695186615,1,196.0,0.7153284671532847,0.84,123.jpeg,2,finetuning
275,2025-03-29 12:58:56,0,0.9999671578407288,0,196.0,0.7127272727272728,0.8,123.jpeg,2,finetuning
276,2025-03-29 12:59:03,1,0.9984761476516724,1,197.0,0.7137681159420289,0.84,123.jpeg,2,finetuning
277,2025-03-29 12:59:10,0,0.0038447165861725807,1,198.0,0.7148014440433214,0.84,123.jpeg,2,finetuning
278,2025-03-29 12:59:17,1,1.0,1,199.0,0.7158273381294964,0.84,123.jpeg,2,finetuning
279,2025-03-29 12:59:24,1,0.9999999403953552,1,200.0,0.7168458781362007,0.84,123.jpeg,2,finetuning
280,2025-03-29 12:59:30,1,0.9999966621398926,1,201.0,0.7178571428571429,0.84,123.jpeg,2,finetuning
281,2025-03-29 12:59:37,1,0.9999998807907104,1,202.0,0.7188612099644128,0.84,123.jpeg,2,finetuning
282,2025-03-29 12:59:45,1,0.9999966025352478,1,203.0,0.7198581560283688,0.84,123.jpeg,2,finetuning
283,2025-03-29 12:59:51,1,0.9995347261428833,1,204.0,0.7208480565371025,0.84,123.jpeg,2,finetuning
284,2025-03-29 12:59:58,1,0.9997560381889343,1,205.0,0.721830985915493,0.84,123.jpeg,2,finetuning
285,2025-03-29 13:00:05,0,0.9993599653244019,0,205.0,0.7192982456140351,0.8,123.jpeg,2,finetuning
286,2025-03-29 13:00:12,0,0.9114618301391602,0,205.0,0.7167832167832168,0.76,123.jpeg,2,finetuning
287,2025-03-29 13:00:19,1,0.9993075728416443,1,206.0,0.7177700348432056,0.76,123.jpeg,2,finetuning
288,2025-03-29 13:00:25,1,0.9999998807907104,1,207.0,0.71875,0.8,123.jpeg,2,finetuning
289,2025-03-29 13:00:32,1,0.999998927116394,1,208.0,0.7197231833910035,0.8,123.jpeg,2,finetuning
290,2025-03-29 13:00:39,1,1.0,1,209.0,0.7206896551724138,0.8,123.jpeg,2,finetuning
291,2025-03-29 13:00:46,1,0.8657311201095581,1,210.0,0.7216494845360825,0.8,123.jpeg,2,finetuning
292,2025-03-29 13:00:53,1,0.9999992251396179,1,211.0,0.7226027397260274,0.8,123.jpeg,2,finetuning
293,2025-03-29 13:00:59,1,0.486971914768219,0,211.0,0.7201365187713311,0.76,123.jpeg,2,finetuning
294,2025-03-29 13:01:07,0,0.1685193032026291,1,212.0,0.7210884353741497,0.8,123.jpeg,2,finetuning
295,2025-03-29 13:01:13,0,0.9980413317680359,0,212.0,0.7186440677966102,0.76,123.jpeg,2,finetuning
296,2025-03-29 13:01:20,1,0.999999463558197,1,213.0,0.7195945945945946,0.8,123.jpeg,2,finetuning
297,2025-03-29 13:01:27,0,0.3587239682674408,1,214.0,0.7205387205387206,0.8,123.jpeg,2,finetuning
298,2025-03-29 13:01:33,1,0.9999997615814209,1,215.0,0.7214765100671141,0.8,123.jpeg,2,finetuning
299,2025-03-29 13:01:40,0,0.06882316619157791,1,216.0,0.7224080267558528,0.8,123.jpeg,2,finetuning
300,2025-03-29 13:01:47,0,0.004151816945523024,1,217.0,0.7233333333333334,0.84,123.jpeg,2,finetuning
301,2025-03-29 13:01:54,0,0.9953244924545288,0,217.0,0.7209302325581395,0.8,123.jpeg,2,finetuning
302,2025-03-29 13:02:01,1,0.999998927116394,1,218.0,0.7218543046357616,0.8,123.jpeg,2,finetuning
303,2025-03-29 13:02:08,0,0.0034912554547190666,1,219.0,0.7227722772277227,0.8,123.jpeg,2,finetuning
304,2025-03-29 13:02:15,0,0.9996742606163025,0,219.0,0.7203947368421053,0.76,123.jpeg,2,finetuning
305,2025-03-29 13:02:22,0,0.9999673962593079,0,219.0,0.7180327868852459,0.72,123.jpeg,2,finetuning
306,2025-03-29 13:02:28,1,1.0,1,220.0,0.7189542483660131,0.72,123.jpeg,2,finetuning
307,2025-03-29 13:02:34,1,1.0,1,221.0,0.7198697068403909,0.72,123.jpeg,2,finetuning
308,2025-03-29 13:02:41,0,0.9656068086624146,0,221.0,0.7175324675324676,0.68,123.jpeg,2,finetuning
309,2025-03-29 13:02:47,0,0.9999688267707825,0,221.0,0.7152103559870551,0.64,123.jpeg,2,finetuning
310,2025-03-29 13:02:53,1,0.9999922513961792,1,222.0,0.7161290322580646,0.68,123.jpeg,2,finetuning
311,2025-03-29 13:02:59,1,0.9999812841415405,1,223.0,0.7170418006430869,0.72,123.jpeg,2,finetuning
312,2025-03-29 13:03:06,1,0.9960656762123108,1,224.0,0.717948717948718,0.72,123.jpeg,2,finetuning
313,2025-03-29 13:03:13,0,0.9995584487915039,0,224.0,0.7156549520766773,0.68,123.jpeg,2,finetuning
314,2025-03-29 13:03:19,0,0.9733530282974243,0,224.0,0.7133757961783439,0.64,123.jpeg,2,finetuning
315,2025-03-29 13:03:25,1,1.0,1,225.0,0.7142857142857143,0.64,123.jpeg,2,finetuning
316,2025-03-29 13:03:31,0,0.9964062571525574,0,225.0,0.7120253164556962,0.6,123.jpeg,2,finetuning
317,2025-03-29 13:03:37,1,0.999999463558197,1,226.0,0.7129337539432177,0.6,123.jpeg,2,finetuning
318,2025-03-29 13:03:43,1,0.9999822378158569,1,227.0,0.7138364779874213,0.64,123.jpeg,2,finetuning
319,2025-03-29 13:03:50,1,0.9999917149543762,1,228.0,0.7147335423197492,0.64,123.jpeg,2,finetuning
320,2025-03-29 13:03:56,0,0.01110988948494196,1,229.0,0.715625,0.68,123.jpeg,2,finetuning
321,2025-03-29 13:04:02,1,1.0,1,230.0,0.7165109034267912,0.68,123.jpeg,2,finetuning
322,2025-03-29 13:04:10,0,0.9932551980018616,0,230.0,0.7142857142857143,0.64,123.jpeg,2,finetuning
323,2025-03-29 13:04:16,0,0.03623759374022484,1,231.0,0.7151702786377709,0.64,123.jpeg,2,finetuning
324,2025-03-29 13:04:22,0,0.795534610748291,0,231.0,0.7129629629629629,0.6,123.jpeg,2,finetuning
325,2025-03-29 13:04:28,0,0.0005904207937419415,1,232.0,0.7138461538461538,0.6,123.jpeg,2,finetuning
326,2025-03-29 13:04:35,1,1.0,1,233.0,0.7147239263803681,0.64,123.jpeg,2,finetuning
327,2025-03-29 13:04:41,0,0.01582431048154831,1,234.0,0.7155963302752294,0.64,123.jpeg,2,finetuning
328,2025-03-29 13:04:47,1,0.9999207258224487,1,235.0,0.7164634146341463,0.64,123.jpeg,2,finetuning
329,2025-03-29 13:04:53,1,1.0,1,236.0,0.7173252279635258,0.68,123.jpeg,2,finetuning
330,2025-03-29 13:05:00,0,0.9997919797897339,0,236.0,0.7151515151515152,0.68,123.jpeg,2,finetuning
331,2025-03-29 13:05:07,0,0.9999932646751404,0,236.0,0.7129909365558912,0.64,123.jpeg,2,finetuning
332,2025-03-29 13:05:14,1,1.0,1,237.0,0.713855421686747,0.64,123.jpeg,2,finetuning
333,2025-03-29 13:05:20,0,0.35342249274253845,1,238.0,0.7147147147147147,0.68,123.jpeg,2,finetuning
334,2025-03-29 13:05:27,0,0.15455466508865356,1,239.0,0.7155688622754491,0.72,123.jpeg,2,finetuning
335,2025-03-29 13:05:33,1,1.0,1,240.0,0.7164179104477612,0.72,123.jpeg,2,finetuning
336,2025-03-29 13:05:39,0,0.9990257024765015,0,240.0,0.7142857142857143,0.68,123.jpeg,2,finetuning
337,2025-03-29 13:05:45,1,0.9999995827674866,1,241.0,0.7151335311572701,0.68,123.jpeg,2,finetuning
338,2025-03-29 13:05:51,0,0.9989064931869507,0,241.0,0.7130177514792899,0.68,123.jpeg,2,finetuning
339,2025-03-29 13:05:57,0,0.027080178260803223,1,242.0,0.7138643067846607,0.72,123.jpeg,2,finetuning
340,2025-03-29 13:06:04,0,0.0021918327547609806,1,243.0,0.7147058823529412,0.72,123.jpeg,2,finetuning
341,2025-03-29 13:06:10,0,0.5537523031234741,0,243.0,0.7126099706744868,0.72,123.jpeg,2,finetuning
342,2025-03-29 13:06:18,0,0.0006755434442311525,1,244.0,0.7134502923976608,0.72,123.jpeg,2,finetuning
343,2025-03-29 13:06:24,1,0.9999997019767761,1,245.0,0.7142857142857143,0.72,123.jpeg,2,finetuning
344,2025-03-29 13:06:31,1,0.9999854564666748,1,246.0,0.7151162790697675,0.72,123.jpeg,2,finetuning
345,2025-03-29 13:06:37,0,0.6296664476394653,0,246.0,0.7130434782608696,0.68,123.jpeg,2,finetuning
346,2025-03-29 13:06:43,1,0.9999842643737793,1,247.0,0.7138728323699421,0.68,123.jpeg,2,finetuning
347,2025-03-29 13:06:49,0,0.9895724654197693,0,247.0,0.7118155619596542,0.68,123.jpeg,2,finetuning
348,2025-03-29 13:06:55,0,0.08076269924640656,1,248.0,0.7126436781609196,0.68,123.jpeg,2,finetuning
349,2025-03-29 13:07:01,0,0.9431788921356201,0,248.0,0.7106017191977078,0.68,123.jpeg,2,finetuning
350,2025-03-29 13:07:08,0,0.006889695767313242,1,249.0,0.7114285714285714,0.68,123.jpeg,2,finetuning
351,2025-03-29 13:07:14,0,0.9999858140945435,0,249.0,0.7094017094017094,0.64,123.jpeg,2,finetuning
352,2025-03-29 13:07:20,1,0.9999483227729797,1,250.0,0.7102272727272727,0.64,123.jpeg,2,finetuning
353,2025-03-29 13:07:26,1,0.9999998211860657,1,251.0,0.7110481586402266,0.64,123.jpeg,2,finetuning
354,2025-03-29 13:07:33,1,0.9999889135360718,1,252.0,0.711864406779661,0.64,123.jpeg,2,finetuning
355,2025-03-29 13:07:39,1,0.9999999403953552,1,253.0,0.7126760563380282,0.68,123.jpeg,2,finetuning
356,2025-03-29 13:07:45,0,0.04784093424677849,1,254.0,0.7134831460674157,0.72,123.jpeg,2,finetuning
357,2025-03-29 13:07:51,1,0.9999996423721313,1,255.0,0.7142857142857143,0.72,123.jpeg,2,finetuning
358,2025-03-29 13:07:57,1,0.996329128742218,1,256.0,0.7150837988826816,0.72,123.jpeg,2,finetuning
359,2025-03-29 13:08:03,1,0.9999603033065796,1,257.0,0.7158774373259053,0.72,123.jpeg,2,finetuning
360,2025-03-29 13:08:10,1,1.0,1,258.0,0.7166666666666667,0.72,123.jpeg,2,finetuning
361,2025-03-29 13:08:16,1,0.9999948740005493,1,259.0,0.7174515235457064,0.76,123.jpeg,2,finetuning
362,2025-03-29 13:08:22,1,0.9996558427810669,1,260.0,0.7182320441988951,0.76,123.jpeg,2,finetuning
363,2025-03-29 13:08:28,0,0.9431349039077759,0,260.0,0.7162534435261708,0.76,123.jpeg,2,finetuning
364,2025-03-29 13:08:35,0,0.9932756423950195,0,260.0,0.7142857142857143,0.72,123.jpeg,2,finetuning
365,2025-03-29 13:08:41,1,0.9999998211860657,1,261.0,0.7150684931506849,0.72,123.jpeg,2,finetuning
366,2025-03-29 13:08:47,0,0.8164751529693604,0,261.0,0.7131147540983607,0.72,123.jpeg,2,finetuning
367,2025-03-29 13:08:53,1,0.9999521374702454,1,262.0,0.7138964577656676,0.72,123.jpeg,2,finetuning
368,2025-03-29 13:08:59,0,0.8618984818458557,0,262.0,0.7119565217391305,0.68,123.jpeg,2,finetuning
369,2025-03-29 13:09:06,1,0.9992235898971558,1,263.0,0.7127371273712737,0.68,123.jpeg,2,finetuning
370,2025-03-29 13:09:12,1,0.9999518990516663,1,264.0,0.7135135135135136,0.72,123.jpeg,2,finetuning
371,2025-03-29 13:09:18,1,0.27714431285858154,0,264.0,0.7115902964959568,0.68,123.jpeg,2,finetuning
372,2025-03-29 13:09:24,0,0.13082513213157654,1,265.0,0.7123655913978495,0.72,123.jpeg,2,finetuning
373,2025-03-29 13:09:31,0,0.1281612515449524,1,266.0,0.7131367292225201,0.72,123.jpeg,2,finetuning
374,2025-03-29 13:09:37,0,0.8038537502288818,0,266.0,0.7112299465240641,0.72,123.jpeg,2,finetuning
375,2025-03-29 13:09:43,0,0.9201983213424683,0,266.0,0.7093333333333334,0.68,123.jpeg,2,finetuning
376,2025-03-29 13:09:49,0,0.987509548664093,0,266.0,0.7074468085106383,0.68,123.jpeg,2,finetuning
377,2025-03-29 13:09:55,1,1.0,1,267.0,0.7082228116710876,0.68,123.jpeg,2,finetuning
378,2025-03-29 13:10:01,0,0.7403548955917358,0,267.0,0.7063492063492064,0.64,123.jpeg,2,finetuning
379,2025-03-29 13:10:08,1,1.0,1,268.0,0.7071240105540897,0.64,123.jpeg,2,finetuning
380,2025-03-29 13:10:14,1,0.9999999403953552,1,269.0,0.7078947368421052,0.64,123.jpeg,2,finetuning
381,2025-03-29 13:10:20,1,1.0,1,270.0,0.7086614173228346,0.64,123.jpeg,2,finetuning
382,2025-03-29 13:10:26,0,0.8919656872749329,0,270.0,0.7068062827225131,0.6,123.jpeg,2,finetuning
383,2025-03-29 13:10:33,0,0.16779647767543793,1,271.0,0.7075718015665796,0.6,123.jpeg,2,finetuning
384,2025-03-29 13:10:39,0,0.8498125076293945,0,271.0,0.7057291666666666,0.56,123.jpeg,2,finetuning
385,2025-03-29 13:10:45,0,0.00039722086512483656,1,272.0,0.7064935064935065,0.56,123.jpeg,2,finetuning
386,2025-03-29 13:10:52,0,0.06388933211565018,1,273.0,0.7072538860103627,0.56,123.jpeg,2,finetuning
387,2025-03-29 13:10:58,1,0.9999948143959045,1,274.0,0.7080103359173127,0.56,123.jpeg,2,finetuning
388,2025-03-29 13:11:05,1,0.9994351267814636,1,275.0,0.7087628865979382,0.6,123.jpeg,2,finetuning
389,2025-03-29 13:11:11,1,0.9998592138290405,1,276.0,0.7095115681233933,0.64,123.jpeg,2,finetuning
390,2025-03-29 13:11:18,0,0.9602529406547546,0,276.0,0.7076923076923077,0.6,123.jpeg,2,finetuning
391,2025-03-29 13:11:24,0,0.7350553274154663,0,276.0,0.7058823529411765,0.6,123.jpeg,2,finetuning
392,2025-03-29 13:11:30,0,0.0009919500444084406,1,277.0,0.7066326530612245,0.6,123.jpeg,2,finetuning
393,2025-03-29 13:11:35,0,0.39350032806396484,1,278.0,0.7073791348600509,0.64,123.jpeg,2,finetuning
394,2025-03-29 13:11:42,1,0.9998655915260315,1,279.0,0.7081218274111675,0.64,123.jpeg,2,finetuning
395,2025-03-29 13:11:48,1,0.9999880790710449,1,280.0,0.7088607594936709,0.64,123.jpeg,2,finetuning
396,2025-03-29 13:11:54,0,0.3087450861930847,1,281.0,0.7095959595959596,0.68,123.jpeg,2,finetuning
397,2025-03-29 13:12:00,0,0.4146788418292999,1,282.0,0.7103274559193955,0.68,123.jpeg,2,finetuning
398,2025-03-29 13:12:07,0,1.403507667419035e-05,1,283.0,0.7110552763819096,0.68,123.jpeg,2,finetuning
399,2025-03-29 13:12:13,0,0.999937117099762,0,283.0,0.7092731829573935,0.68,123.jpeg,2,finetuning
400,2025-03-30 16:10:49,0,0.6142303943634033,0,283.0,0.7075,0.68,123.jpeg,2,finetuning
401,2025-03-30 16:31:11,0,0.2229558527469635,1,284.0,0.7082294264339152,0.72,123.jpeg,2,finetuning
402,2025-03-30 16:41:54,0,0.6142303943634033,0,284.0,0.7064676616915423,0.68,123.jpeg,2,finetuning
403,2025-03-30 16:50:50,1,0.16526494920253754,0,284.0,0.7047146401985112,0.68,123.jpeg,2,finetuning
404,2025-03-30 16:52:11,1,0.6142303943634033,1,285.0,0.7054455445544554,0.68,123.jpeg,2,finetuning
405,2025-03-30 16:55:29,1,0.6142303943634033,1,286.0,0.7061728395061728,0.68,123.jpeg,2,finetuning
406,2025-03-30 16:58:41,0,0.9996635913848877,0,286.0,0.7044334975369458,0.64,123.jpeg,2,finetuning
407,2025-03-30 16:59:00,0,0.0019888614770025015,1,287.0,0.7051597051597052,0.68,123.jpeg,2,finetuning
408,2025-03-30 17:07:45,0,0.6142303943634033,0,287.0,0.7034313725490197,0.64,123.jpeg,2,finetuning
409,2025-03-30 17:08:24,0,0.0006755434442311525,1,288.0,0.7041564792176039,0.68,123.jpeg,2,finetuning
410,2025-03-30 17:10:28,0,0.6142303943634033,0,288.0,0.7024390243902439,0.64,123.jpeg,2,finetuning
411,2025-03-30 17:12:01,0,0.6142303943634033,0,288.0,0.7007299270072993,0.6,123.jpeg,2,finetuning
412,2025-03-30 17:23:54,0,0.2229558527469635,1,289.0,0.7014563106796117,0.6,123.jpeg,2,finetuning
413,2025-03-30 17:24:38,0,0.2229558527469635,1,290.0,0.7021791767554479,0.6,123.jpeg,2,finetuning
414,2025-03-30 17:27:15,0,0.2229558527469635,1,291.0,0.7028985507246377,0.6,123.jpeg,2,finetuning
415,2025-03-30 17:28:01,0,0.2229558527469635,1,292.0,0.7036144578313253,0.64,123.jpeg,2,finetuning
416,2025-03-30 17:42:30,0,0.0006755434442311525,1,293.0,0.7043269230769231,0.68,123.jpeg,2,finetuning
417,2025-03-30 17:42:57,0,0.08076269924640656,1,294.0,0.7050359712230215,0.68,123.jpeg,2,finetuning
418,2025-03-30 17:44:13,0,0.6142303943634033,0,294.0,0.7033492822966507,0.64,123.jpeg,2,finetuning
419,2025-03-30 17:44:23,0,0.6142303943634033,0,294.0,0.7016706443914081,0.6,123.jpeg,2,finetuning
420,2025-03-30 17:47:18,0,0.6142303943634033,0,294.0,0.7,0.56,123.jpeg,2,finetuning
421,2025-03-30 18:14:00,1,1.0,1,295.0,0.7007125890736342,0.56,123.jpeg,2,finetuning
422,2025-03-30 18:39:01,1,1.0,1,296.0,0.7014218009478673,0.56,123.jpeg,2,finetuning
423,2025-03-30 19:06:31,0,1.0,0,296.0,0.6997635933806147,0.52,123.jpeg,2,finetuning
424,2025-03-30 19:11:14,0,1.0,0,296.0,0.6981132075471698,0.52,123.jpeg,2,finetuning
425,2025-03-30 19:30:32,1,1.0,1,297.0,0.6988235294117647,0.56,123.jpeg,2,finetuning
426,2025-03-30 19:33:55,1,0.9999985694885254,1,298.0,0.6995305164319249,0.56,123.jpeg,2,finetuning
427,2025-03-30 19:34:41,1,0.9999982118606567,1,299.0,0.7002341920374707,0.6,123.jpeg,2,finetuning
428,2025-03-30 19:37:01,0,0.9999985694885254,0,299.0,0.6985981308411215,0.6,123.jpeg,2,finetuning
429,2025-03-30 19:37:39,1,0.9999483227729797,1,300.0,0.6993006993006993,0.6,123.jpeg,2,finetuning
430,2025-03-30 19:40:52,1,1.0,1,301.0,0.7,0.6,123.jpeg,2,finetuning
431,2025-03-30 19:41:42,1,0.9999985694885254,1,302.0,0.7006960556844548,0.64,123.jpeg,2,finetuning
